Sno,movieid,title,genere,
0,1,sajan,romance/tragedy,
1,2,waqt,romance/horror,
2,3,jigar,action/romance,
3,4,chandni,romance,
4,5,saudagar,romance/action,
5,6,awara,romance,
6,7,trianga,action,
7,8,pakiza,romance,
8,9,shool,action/horror,
9,10,aag,action/horror,
10,11,daag,romance/horror,
11,12,nagin,action/romance,
12,13,gangajal,action,
13,14,hum,action/romance,
14,15,yaarana,romance,
15,16,hero,romance,
16,17,hatya,thriller/romance,
17,18,hero no1,comedy,
18,19,rajababu,comedy,
19,20,partner,comedy/romance,
20,21,terenaam,romance/tragedy,
21,22,wanted,romance/action,
22,23,coolie,comedy/romance,
23,24,ramlakhan,romance/tragedy,
24,25,bandhan,action/thrilling,
25,26,aunty no1,comedy/romance,
26,27,jollyllb,comedy,
27,28,dabang,comedy/action,
28,29,special 26,thriller/comedy,
29,30,golmaal,comedy,
30,31,rafoochakker,comedy,
31,32,chacha bhatija,comedy/drama,
32,33,joker,romance,
33,34,sangam,music,
34,35,boby,raomance/music,
35,36,milan,romance/music,
36,37,delhi 6,romance,
37,38,gopi kishan,comedy,
38,39,warrant,drama,
39,40,cheeta,cation/drama,
40,41,dil,romance,
41,42,deewana,romance/drama,
42,43,loha,acton/drama,
43,44,burning train,action/thrilling,
44,45,avroadh,action,
45,45,state of sieze,action,
46,46,sory by ravindranath,art,
47,47,rangbaaz,action,
48,48,sacred games,thriller,
49,49,mirzapur2,action,
50,50,kota factory,drama,
51,51,asur,thriller,
52,52,scam1992,drama,/
53,53,paatal lok,action,
54,54,undekhi,thriller/crime,
55,55,special ops,action/thriller,
56,56,panchayat,comedy/drama,
57,57,inside edge,drama/sport,
59,59,tvf pitches,comedy/drama,
60,60,college romance,comedy/drama/romance,
61,61,permanent roommates,comedy/romance,
62,62,hostel daze,comedy/drama,
63,63,tvf tripling,drama,
64,64,breathe,drama/thriller,
65,65,flames,comedy/drama/romance,
66,66,bang baja barat,drama/thriller,
67,67,baked,comedy,
68,68,apharan,action/thriller,
69,69,aarya,crime/drama/thriller,
70,70,bandish bandits,drama/romance,
71,70,JL50,drama/thriller,
72,72,Hostage,crime/mystery,
73,73,criminal justice,crime/drama/thriller,
74,74,aam admi family,comedy/drama,
75,75,the exipiry date,thriller/crime,
