userid,movieid,tag
200,29,romantic and action
76,17,romance
72,68,best movie
119,73,cool movie
191,57,romantic and action
110,3,nice acting
18,28,"great action ,fighting"
154,12,great songs
46,58,action and good acting
166,35,good songs
31,37,"fighting movie ,good songs"
34,14,"great acting ,raajkumar "
13,61,fighting was great
81,3,full of action
37,73,action patriotsm
171,2,romantic good songs
57,17,great amovie
41,7,super acting
116,44,nice movie
29,48,great action fighting
6,24,best movie
20,50,super acting
34,52,full of action
4,65,great
39,15,awesome
157,48,good work
61,41,very good songs
83,66,acting is great
176,20,super movie
55,71,fighthing and good acting
20,72,fight and action
193,49,horror movie
161,14,action movie
188,14,acting is best
54,59,wonderfull
44,22,very good movie
71,4,old is gold
120,3,great work
11,18,action
92,31,fighting
82,43,action
110,54,very good work
66,14,suspense and horror
95,41,great acting
107,35,fighting
25,69,songs are good
114,12,hot and best
107,59,cool movie
19,45,real movie
99,51,great movie
105,52,nice movie
98,40,entertaining movie
121,48,fighting
116,3,great movie
115,33,full time pass
77,21,great
122,21,romantic and action
42,54,romance
188,47,best movie
3,21,cool movie
121,60,romantic and action
22,68,nice acting
123,59,"great action ,fighting"
119,19,great songs
52,31,action and good acting
137,16,good songs
46,67,"fighting movie ,good songs"
37,51,"great acting ,raajkumar "
43,11,fighting was great
109,42,full of action
146,47,action patriotsm
129,67,romantic good songs
175,51,great amovie
87,17,super acting
90,42,nice movie
61,31,great action fighting
101,21,best movie
63,56,super acting
85,34,full of action
134,67,great
165,22,awesome
100,27,good work
154,13,very good songs
183,21,acting is great
185,15,super movie
86,6,fighthing and good acting
142,75,fight and action
125,66,horror movie
40,53,action movie
77,37,acting is best
47,40,wonderfull
194,68,very good movie
67,39,old is gold
33,35,great work
200,28,action
19,33,fighting
150,25,action
60,66,very good work
174,12,suspense and horror
199,55,great acting
88,43,fighting
10,21,songs are good
180,13,hot and best
151,4,cool movie
59,24,real movie
47,35,great movie
26,25,nice movie
10,3,entertaining movie
138,67,fighting
56,26,great movie
37,38,full time pass
157,58,great
25,62,great amovie
43,40,super acting
106,11,nice movie
124,23,great action fighting
76,59,best movie
49,41,super acting
164,41,full of action
196,11,great
99,73,awesome
149,51,good work
167,16,very good songs
140,69,acting is great
137,34,super movie
118,34,fighthing and good acting
86,19,fight and action
184,65,horror movie
24,66,action movie
92,50,acting is best
159,3,wonderfull
141,69,very good movie
155,37,old is gold
91,61,great work
198,23,action
112,25,fighting
9,4,action
28,58,very good work
87,66,suspense and horror
3,14,great acting
65,60,fighting
77,24,songs are good
116,19,hot and best
80,49,cool movie
36,31,real movie
21,24,great movie
134,18,nice movie
15,11,entertaining movie
19,51,fighting
185,69,great movie
107,17,full time pass
90,54,great
48,53,old is gold
194,6,great work
35,33,action
120,64,fighting
26,8,action
43,11,very good work
23,25,suspense and horror
192,47,great acting
28,40,fighting
100,34,songs are good
35,75,hot and best
17,20,cool movie
48,12,real movie
58,24,great movie
130,72,nice movie
188,24,entertaining movie
52,37,fighting
39,62,action
10,33,very good work
136,53,suspense and horror
157,34,great acting
31,42,fighting
107,67,songs are good
51,51,hot and best
191,1,cool movie
150,46,real movie
55,54,great movie
126,6,nice movie
196,66,entertaining movie
138,74,fighting
100,19,great movie
72,40,full time pass
45,36,great
26,33,great amovie
37,49,super acting
174,55,nice movie
29,23,great action fighting
193,51,best movie
164,33,romantic and action
159,54,romance
184,37,best movie
137,9,cool movie
68,60,romantic and action
135,4,nice acting
63,40,"great action ,fighting"
34,20,great songs
116,70,action and good acting
9,69,good songs
104,33,"fighting movie ,good songs"
185,71,"great acting ,raajkumar "
37,28,fighting was great
155,31,full of action
174,73,action patriotsm
140,12,romantic good songs
139,33,great amovie
181,49,super acting
56,42,nice movie
47,17,great action fighting
168,31,best movie
21,52,super acting
148,13,full of action
134,49,great
55,39,awesome
76,49,good work
95,69,very good songs
32,42,acting is great
42,39,super movie
32,35,fighthing and good acting
122,20,fight and action
52,35,horror movie
91,40,action movie
38,65,acting is best
64,1,wonderfull
14,47,very good movie
24,16,old is gold
180,38,great work
22,19,action
26,46,fighting
188,48,action
46,25,very good work
12,30,suspense and horror
25,21,great acting
78,26,fighting
9,30,songs are good
10,65,hot and best
15,33,cool movie
181,9,real movie
57,53,great movie
37,8,nice movie
110,2,entertaining movie
18,25,fighting
121,3,great movie
55,69,full time pass
152,11,great
12,37,romantic and action
187,3,romance
129,51,best movie
53,46,cool movie
11,49,romantic and action
6,48,nice acting
163,49,"great action ,fighting"
40,46,great songs
7,20,action and good acting
145,21,good songs
55,20,"fighting movie ,good songs"
134,50,"great acting ,raajkumar "
70,42,fighting was great
42,37,full of action
73,38,action patriotsm
55,65,romantic good songs
10,61,great amovie
134,69,super acting
14,23,nice movie
119,1,great action fighting
173,38,best movie
107,48,super acting
18,60,full of action
46,33,great
78,2,awesome
41,28,good work
110,49,very good songs
167,28,acting is great
61,42,super movie
96,56,fighthing and good acting
174,11,fight and action
98,72,horror movie
174,60,action movie
128,54,acting is best
10,72,wonderfull
134,11,very good movie
55,31,old is gold
12,37,great work
162,21,action
109,56,fighting
66,65,action
173,53,very good work
19,58,suspense and horror
87,34,great acting
109,8,fighting
52,28,songs are good
138,3,hot and best
142,36,cool movie
41,11,real movie
122,38,great movie
103,2,nice movie
27,48,entertaining movie
197,49,fighting
130,8,great movie
86,39,full time pass
90,71,great
70,34,great amovie
82,47,super acting
95,29,nice movie
97,51,great action fighting
42,42,best movie
20,7,super acting
69,66,full of action
80,19,great
90,11,awesome
56,7,good work
105,3,very good songs
68,44,acting is great
154,53,super movie
100,30,fighthing and good acting
7,34,fight and action
195,23,horror movie
77,74,action movie
162,11,acting is best
82,69,wonderfull
160,22,very good movie
49,21,old is gold
2,41,great work
23,6,action
32,64,fighting
121,21,action
95,62,very good work
72,4,suspense and horror
162,37,great acting
200,1,fighting
17,52,songs are good
11,14,hot and best
82,19,cool movie
6,28,real movie
146,73,great movie
68,65,nice movie
32,71,entertaining movie
138,15,fighting
189,29,great movie
11,11,full time pass
99,15,great
163,22,old is gold
110,44,great work
10,11,action
95,68,fighting
163,71,action
36,43,very good work
139,29,suspense and horror
42,74,great acting
31,2,fighting
59,35,songs are good
44,56,hot and best
191,72,cool movie
64,19,real movie
43,16,great movie
89,33,nice movie
138,54,entertaining movie
73,23,fighting
154,41,action
107,23,very good work
177,44,suspense and horror
125,41,great acting
21,75,fighting
52,69,songs are good
139,67,hot and best
180,30,cool movie
126,74,real movie
116,39,great movie
168,39,nice movie
131,49,entertaining movie
94,10,fighting
48,25,great movie
75,20,full time pass
31,25,great
11,44,great amovie
16,11,super acting
105,37,nice movie
36,33,great action fighting
45,2,action
127,73,fighting
116,43,action
134,19,very good work
91,68,suspense and horror
47,43,great acting
57,21,fighting
61,43,songs are good
103,72,hot and best
64,16,cool movie
102,28,real movie
157,33,great movie
170,15,nice movie
31,29,entertaining movie
7,18,fighting
10,31,great movie
194,2,full time pass
194,15,great
187,9,"great action ,fighting"
58,64,great songs
194,41,action and good acting
121,35,good songs
102,56,"fighting movie ,good songs"
197,66,"great acting ,raajkumar "
196,24,fighting was great
104,33,full of action
167,49,action patriotsm
105,24,romantic good songs
52,71,great amovie
123,1,super acting
139,52,nice movie
183,13,great action fighting
39,26,best movie
44,4,super acting
174,55,full of action
100,49,great
161,18,awesome
165,50,good work
48,10,very good songs
191,68,acting is great
3,74,super movie
147,2,fighthing and good acting
149,64,fight and action
178,28,horror movie
75,45,action movie
87,5,acting is best
82,68,wonderfull
197,74,very good movie
175,4,old is gold
188,32,great work
89,74,action
49,49,fighting
39,54,action
145,16,suspense and horror
135,41,great acting
118,75,fighting
113,9,songs are good
125,23,hot and best
128,74,cool movie
107,25,real movie
87,40,great movie
95,59,nice movie
46,48,entertaining movie
154,60,fighting
168,19,great movie
176,56,full time pass
93,72,great
86,66,old is gold
159,73,great work
97,4,action
158,38,fighting
150,45,action
170,1,very good work
49,60,suspense and horror
113,47,great acting
91,37,fighting
180,5,songs are good
23,41,hot and best
10,52,cool movie
71,33,real movie
79,1,great movie
126,43,nice movie
65,24,entertaining movie
60,47,fighting
20,71,action
197,54,very good work
105,48,suspense and horror
103,5,great acting
11,50,fighting
179,2,songs are good
52,19,hot and best
67,8,cool movie
62,54,real movie
152,55,great movie
21,33,nice movie
162,10,entertaining movie
103,38,fighting
99,13,great movie
73,1,full time pass
156,57,great
122,50,great amovie
127,25,super acting
39,22,nice movie
32,36,great action fighting
146,45,action
193,49,fighting
38,4,action
191,55,very good work
129,5,suspense and horror
159,62,great acting
27,47,fighting
188,65,songs are good
169,27,hot and best
172,29,cool movie
120,32,real movie
38,38,great movie
58,75,nice movie
108,11,entertaining movie
196,30,fighting
33,28,great movie
131,74,full time pass
80,3,great
38,2,"great action ,fighting"
131,47,great songs
176,74,action and good acting
66,31,good songs
151,29,"fighting movie ,good songs"
18,55,"great acting ,raajkumar "
141,49,fighting was great
141,24,full of action
4,29,action patriotsm
149,58,romantic good songs
93,3,great amovie
51,70,super acting
166,29,nice movie
23,28,great action fighting
83,14,best movie
42,3,super acting
63,59,full of action
84,47,great
125,17,entertaining movie
190,54,fighting
127,73,great movie
132,59,full time pass
141,74,great
150,21,great amovie
116,54,super acting
95,73,nice movie
21,9,great action fighting
80,34,best movie
110,25,super acting
106,48,full of action
114,31,great
23,33,awesome
18,37,good work
84,68,very good songs
144,9,acting is great
140,69,super movie
44,24,fighthing and good acting
31,13,fight and action
34,14,horror movie
98,43,action movie
13,11,acting is best
8,50,wonderfull
105,47,very good movie
189,51,old is gold
30,37,great work
23,25,action
59,21,fighting
82,19,action
61,21,very good work
137,6,suspense and horror
71,32,great acting
58,32,fighting
102,49,songs are good
68,26,hot and best
157,24,cool movie
113,9,real movie
43,56,great movie
73,2,nice movie
129,62,entertaining movie
131,34,fighting
4,53,great movie
176,37,full time pass
72,7,great
185,18,old is gold
134,14,great work
106,48,action
78,43,fighting
142,17,action
173,2,very good work
2,4,suspense and horror
143,2,great acting
5,72,fighting
40,17,songs are good
94,23,hot and best
103,31,cool movie
186,54,real movie
6,66,great movie
4,23,nice movie
79,58,entertaining movie
162,23,fighting
60,48,action
20,32,very good work
49,69,suspense and horror
193,66,great acting
152,58,fighting
20,4,songs are good
137,65,hot and best
47,34,cool movie
40,7,real movie
146,8,great movie
47,68,nice movie
105,64,entertaining movie
102,40,fighting
33,6,great movie
65,19,full time pass
17,33,great
108,10,great amovie
93,50,super acting
135,7,nice movie
82,31,great action fighting
58,39,best movie
134,36,romantic and action
90,27,romance
110,47,best movie
172,33,cool movie
20,66,romantic and action
72,48,nice acting
189,48,"great action ,fighting"
124,43,great songs
36,45,action and good acting
160,57,good songs
172,35,"fighting movie ,good songs"
198,68,"great acting ,raajkumar "
163,2,fighting was great
173,38,full of action
129,33,action patriotsm
147,21,romantic good songs
101,5,great amovie
36,65,super acting
151,10,nice movie
156,47,great action fighting
46,8,best movie
99,64,super acting
139,49,full of action
175,49,great
45,23,awesome
189,3,good work
183,45,very good songs
34,40,acting is great
181,72,super movie
94,67,fighthing and good acting
35,32,fight and action
170,45,horror movie
83,34,action movie
151,27,acting is best
115,46,wonderfull
29,32,very good movie
62,58,old is gold
42,28,great work
54,66,action
65,47,fighting
65,55,action
70,14,very good work
18,40,suspense and horror
28,3,great acting
144,15,fighting
180,69,songs are good
102,5,hot and best
3,21,cool movie
40,45,real movie
97,13,great movie
19,20,nice movie
198,51,entertaining movie
78,19,fighting
153,44,great movie
197,28,full time pass
166,68,great
5,21,romantic and action
124,53,romance
121,73,best movie
123,1,cool movie
140,2,romantic and action
155,14,romance
177,39,best movie
123,39,cool movie
22,59,romantic and action
179,20,nice acting
141,11,"great action ,fighting"
111,64,great songs
126,3,action and good acting
82,1,good songs
125,2,"fighting movie ,good songs"
152,47,"great acting ,raajkumar "
77,14,fighting was great
180,23,full of action
192,31,action patriotsm
64,71,romantic good songs
58,44,great amovie
98,41,super acting
165,36,nice movie
117,14,great action fighting
182,68,best movie
173,25,super acting
88,32,full of action
106,67,great
195,71,awesome
178,67,good work
101,12,very good songs
108,18,acting is great
169,6,super movie
62,68,fighthing and good acting
110,72,fight and action
145,69,horror movie
11,51,action movie
81,51,acting is best
1,10,wonderfull
136,43,very good movie
49,1,old is gold
31,65,great work
199,19,action
28,34,fighting
61,66,action
64,63,very good work
137,47,suspense and horror
136,54,great acting
159,47,fighting
165,17,songs are good
78,30,hot and best
69,23,cool movie
195,22,real movie
60,19,great movie
57,18,nice movie
154,37,entertaining movie
101,72,fighting
16,71,great movie
173,30,full time pass
134,72,great
87,4,romantic and action
189,20,romance
183,58,best movie
83,14,cool movie
142,22,romantic and action
167,55,nice acting
106,50,"great action ,fighting"
184,61,great songs
150,54,action and good acting
140,3,good songs
116,7,"fighting movie ,good songs"
43,56,"great acting ,raajkumar "
108,5,fighting was great
151,6,full of action
89,17,action patriotsm
2,41,romantic good songs
92,25,great amovie
192,48,super acting
49,15,nice movie
141,10,great action fighting
66,33,best movie
151,52,super acting
129,74,full of action
18,52,great
52,13,awesome
19,40,good work
21,49,very good songs
96,47,acting is great
120,42,super movie
80,50,fighthing and good acting
86,50,fight and action
67,41,horror movie
147,30,action movie
35,1,acting is best
158,63,wonderfull
83,38,very good movie
192,56,old is gold
28,33,great work
87,2,action
120,17,fighting
15,28,action
200,3,very good work
5,40,suspense and horror
106,4,great acting
17,69,fighting
115,30,songs are good
96,61,hot and best
128,24,cool movie
175,38,real movie
91,8,great movie
54,21,nice movie
28,56,entertaining movie
136,5,fighting
154,73,great movie
70,61,full time pass
46,70,great
12,21,great amovie
187,20,super acting
113,60,nice movie
124,56,great action fighting
156,48,best movie
103,49,super acting
22,67,full of action
54,44,great
196,47,awesome
154,66,good work
59,17,very good songs
199,36,acting is great
25,14,super movie
64,62,fighthing and good acting
130,34,fight and action
150,21,horror movie
51,48,action movie
162,62,acting is best
145,54,wonderfull
47,53,very good movie
90,62,old is gold
153,73,great work
52,40,action
48,54,fighting
101,56,action
79,34,very good work
1,55,suspense and horror
97,42,great acting
54,39,fighting
75,36,songs are good
168,52,hot and best
26,13,cool movie
94,33,real movie
125,27,great movie
16,32,nice movie
110,29,entertaining movie
141,29,fighting
46,37,great movie
172,20,full time pass
32,12,great
112,60,old is gold
145,23,great work
87,16,action
200,15,fighting
164,6,action
153,49,very good work
89,2,suspense and horror
106,41,great acting
158,21,fighting
158,20,songs are good
190,7,hot and best
79,50,cool movie
171,11,real movie
192,65,great movie
74,24,nice movie
171,8,entertaining movie
129,52,fighting
49,32,action
87,1,very good work
38,49,suspense and horror
143,57,great acting
139,51,fighting
152,36,songs are good
73,48,hot and best
139,20,cool movie
95,25,real movie
11,10,great movie
54,69,nice movie
58,60,entertaining movie
100,74,fighting
125,55,great movie
190,60,full time pass
44,27,great
75,66,great amovie
165,10,super acting
188,38,nice movie
194,30,great action fighting
95,19,best movie
191,65,romantic and action
166,5,romance
174,6,best movie
113,48,cool movie
9,75,romantic and action
79,52,nice acting
95,39,"great action ,fighting"
68,32,great songs
102,55,action and good acting
88,45,good songs
13,4,"fighting movie ,good songs"
95,24,"great acting ,raajkumar "
100,23,fighting was great
124,27,full of action
1,17,action patriotsm
183,61,romantic good songs
150,26,great amovie
84,22,super acting
94,23,nice movie
176,13,great action fighting
97,52,best movie
129,49,super acting
26,44,full of action
150,48,great
165,73,awesome
11,46,good work
189,4,very good songs
169,10,acting is great
125,50,super movie
104,47,fighthing and good acting
62,30,fight and action
180,11,horror movie
198,50,action movie
186,17,acting is best
122,27,wonderfull
4,59,very good movie
198,73,old is gold
127,37,great work
138,75,action
181,66,fighting
119,51,action
71,60,very good work
114,52,suspense and horror
179,2,great acting
26,17,fighting
195,71,songs are good
161,48,hot and best
27,12,cool movie
78,58,real movie
99,70,great movie
67,16,nice movie
153,18,entertaining movie
140,34,fighting
64,31,great movie
5,43,full time pass
182,75,great
168,20,romantic and action
178,52,romance
196,29,best movie
129,23,cool movie
39,51,romantic and action
6,8,nice acting
23,6,"great action ,fighting"
97,27,great songs
113,64,action and good acting
53,14,good songs
35,20,"fighting movie ,good songs"
63,68,"great acting ,raajkumar "
126,25,fighting was great
13,5,full of action
127,24,action patriotsm
148,42,romantic good songs
64,16,great amovie
184,67,super acting
10,37,nice movie
154,13,great action fighting
78,3,best movie
52,30,super acting
51,73,full of action
162,75,great
140,66,awesome
158,42,good work
105,35,very good songs
39,30,acting is great
5,39,super movie
113,73,fighthing and good acting
55,1,fight and action
82,2,horror movie
37,47,action movie
77,48,acting is best
111,23,wonderfull
6,73,very good movie
81,16,old is gold
2,45,great work
6,65,action
102,31,fighting
158,19,action
165,55,very good work
30,36,suspense and horror
77,25,great acting
150,7,fighting
63,32,songs are good
198,34,hot and best
199,29,cool movie
10,14,real movie
37,45,great movie
25,51,nice movie
112,64,entertaining movie
100,32,fighting
172,18,great movie
69,14,full time pass
85,42,great
99,49,great amovie
165,17,super acting
151,7,nice movie
152,4,great action fighting
19,64,best movie
141,53,super acting
200,45,full of action
37,20,great
37,41,awesome
172,22,good work
116,49,very good songs
166,69,acting is great
41,34,super movie
169,44,fighthing and good acting
128,36,fight and action
153,59,horror movie
130,41,action movie
55,16,acting is best
198,30,wonderfull
141,5,very good movie
66,11,old is gold
159,45,great work
41,56,action
87,41,fighting
73,29,action
91,61,very good work
28,16,suspense and horror
53,75,great acting
110,61,fighting
51,60,songs are good
37,46,hot and best
172,72,cool movie
168,17,real movie
163,66,great movie
149,13,nice movie
,,
,,
,,
,,
,,
,,
,,
,,
,,
,,
,,
,,
,,
,,
,,
,,
,,
,,
,,
,,
,,
,,
,,
,,
,,
,,
,,
,,
,,
,,
,,
,,
,,
,,
,,
,,
,,
,,
,,
,,
,,
,,
,,
,,
,,
,,
,,
,,
,,
,,
,,
,,
,,
,,
,,
,,
,,
,,
,,
,,
,,
,,
,,
,,
,,
,,
,,
,,
,,
,,
,,
,,
,,
,,
,,
,,
,,
,,
,,
,,
,,
,,
,,
,,
,,
,,
,,
,,
,,
,,
,,
,,
,,
,,
,,
,,
,,
,,
,,
,,
,,
,,
,,
,,
,,
,,
,,
,,
,,
,,
,,
,,
,,
,,
,,
,,
,,
,,
,,
,,
,,
,,
